order_id,customer,product,quantity,price,date
1001,Alice,Printer,5,236.07,2024-02-11
1002,Liam,Mouse,2,24.79,2024-06-19
1003,Ali,Monitor,3,135.93,2024-01-29
1004,Emma,Monitor,4,141.23,2024-05-29
1005,Sara,Mouse,3,25.05,2024-06-09
1006,David,Keyboard,2,49.21,2024-06-09
1007,David,Mouse,1,26.86,2024-05-28
1008,Liam,Monitor,1,144.86,2024-05-06
1009,Liam,Printer,3,241.38,2024-03-23
1010,Bob,Mouse,4,23.65,2024-01-05
1011,John,Mouse,5,23.2,2024-04-10
1012,Noah,Tablet,4,398.64,2024-06-20
1013,David,Printer,5,252.97,2024-06-22
1014,Liam,Keyboard,5,48.34,2024-02-17
1015,Ali,Printer,5,229.59,2024-05-22
1016,Emma,Laptop,4,753.01,2024-04-17
1017,Alice,Tablet,5,392.4,2024-02-15
1018,Liam,Tablet,4,402.74,2024-06-22
1019,Sara,Mouse,1,25.29,2024-02-14
1020,Noah,Printer,4,225.04,2024-06-05
1021,David,Mouse,1,23.39,2024-01-20
1022,Emma,Keyboard,1,46.74,2024-06-01
1023,Emma,Mouse,2,25.48,2024-03-30
1024,John,Monitor,4,161.03,2024-06-09
1025,John,Tablet,4,429.22,2024-06-05
1026,Noah,Monitor,1,158.25,2024-05-09
1027,Alice,Tablet,2,361.64,2024-05-11
1028,John,Laptop,1,773.92,2024-03-24
1029,John,Mouse,5,23.69,2024-01-01
1030,Liam,Monitor,4,138.18,2024-06-11
1031,Alice,Monitor,4,154.6,2024-05-02
1032,Ali,Tablet,1,425.64,2024-02-08
1033,Emma,Tablet,4,412.15,2024-02-12
1034,Sophia,Monitor,1,136.36,2024-02-20
1035,Ali,Mouse,5,25.31,2024-02-03
1036,Alice,Tablet,4,408.75,2024-04-11
1037,David,Mouse,5,24.47,2024-02-14
1038,Emma,Laptop,2,726.84,2024-06-19
1039,Liam,Printer,4,255.52,2024-01-01
1040,Noah,Mouse,5,26.27,2024-01-12
1041,Ali,Keyboard,2,44.4,2024-03-23
1042,Sophia,Mouse,4,23.52,2024-01-04
1043,David,Laptop,1,820.89,2024-02-21
1044,David,Mouse,2,22.88,2024-01-14
1045,Alice,Printer,1,235.57,2024-03-13
1046,Noah,Mouse,1,25.08,2024-04-15
1047,Alice,Printer,2,266.58,2024-05-21
1048,Ali,Printer,5,242.14,2024-05-29
1049,Sara,Monitor,4,145.55,2024-01-10
1050,Alice,Keyboard,2,49.15,2024-05-01
1051,Ali,Printer,2,267.19,2024-04-21
1052,Noah,Keyboard,5,49.33,2024-01-22
1053,David,Mouse,2,22.91,2024-05-05
1054,Liam,Monitor,3,147.17,2024-04-07
1055,Alice,Monitor,5,155.99,2024-06-07
1056,Liam,Laptop,3,840.93,2024-03-17
1057,Ali,Monitor,2,161.84,2024-03-18
1058,Bob,Tablet,1,387.84,2024-06-24
1059,Noah,Keyboard,3,48.9,2024-05-28
1060,Sophia,Tablet,5,428.0,2024-05-27
1061,Alice,Laptop,1,828.47,2024-01-11
1062,David,Monitor,5,150.93,2024-06-29
1063,Ali,Keyboard,5,44.14,2024-02-24
1064,Bob,Printer,2,245.12,2024-06-07
1065,Bob,Printer,4,240.27,2024-04-08
1066,John,Keyboard,5,41.3,2024-02-03
1067,Liam,Printer,4,246.69,2024-04-27
1068,John,Tablet,2,400.39,2024-01-16
1069,Ali,Printer,2,251.07,2024-06-03
1070,Alice,Laptop,1,753.89,2024-01-20
1071,David,Printer,1,251.21,2024-03-31
1072,Emma,Printer,3,256.59,2024-02-21
1073,Noah,Mouse,5,23.33,2024-02-02
1074,Liam,Laptop,3,841.99,2024-06-28
1075,Sophia,Laptop,1,799.81,2024-06-13
1076,Emma,Tablet,4,418.93,2024-06-08
1077,Sara,Tablet,1,406.2,2024-03-14
1078,Bob,Tablet,1,435.78,2024-04-06
1079,Bob,Keyboard,3,46.43,2024-04-29
1080,Liam,Mouse,1,26.27,2024-01-17
1081,Alice,Keyboard,4,41.5,2024-01-25
1082,Sara,Tablet,3,432.08,2024-02-05
1083,John,Laptop,1,750.91,2024-05-07
1084,Emma,Keyboard,5,46.71,2024-04-18
1085,Liam,Mouse,2,23.01,2024-05-21
1086,Bob,Laptop,3,802.19,2024-06-23
1087,Ali,Tablet,4,390.59,2024-02-18
1088,Liam,Monitor,1,141.69,2024-06-18
1089,David,Printer,5,243.18,2024-04-20
1090,John,Laptop,2,725.98,2024-06-09
1091,John,Laptop,3,809.22,2024-02-17
1092,Alice,Laptop,3,722.83,2024-04-13
1093,Emma,Tablet,2,424.56,2024-03-27
1094,David,Monitor,5,147.01,2024-05-29
1095,David,Keyboard,4,43.06,2024-02-10
1096,Noah,Mouse,4,25.78,2024-05-15
1097,David,Printer,2,233.83,2024-01-14
1098,Ali,Printer,5,273.81,2024-02-12
1099,Sophia,Monitor,2,142.68,2024-02-16
1100,Sophia,Printer,4,264.13,2024-03-20
1101,Emma,Tablet,5,385.68,2024-05-15
1102,Noah,Mouse,3,25.63,2024-04-14
1103,Ali,Keyboard,5,46.66,2024-04-08
1104,Alice,Laptop,1,749.24,2024-01-01
1105,Alice,Mouse,2,26.06,2024-01-26
1106,Alice,Laptop,1,846.16,2024-02-07
1107,Sara,Keyboard,3,48.37,2024-02-01
1108,Sara,Tablet,1,425.59,2024-06-02
1109,Ali,Printer,3,233.35,2024-05-08
1110,David,Monitor,5,150.36,2024-06-20
1111,Sara,Keyboard,1,46.99,2024-04-06
1112,Liam,Printer,3,257.25,2024-05-07
1113,Noah,Tablet,5,439.82,2024-03-08
1114,Emma,Monitor,2,160.3,2024-03-15
1115,Alice,Tablet,3,389.08,2024-01-12
1116,John,Tablet,3,432.94,2024-04-16
1117,David,Keyboard,5,42.46,2024-03-20
1118,Sara,Mouse,4,23.23,2024-02-25
1119,Emma,Monitor,4,146.86,2024-01-04
1120,John,Tablet,4,425.38,2024-01-27
1121,Bob,Mouse,2,23.61,2024-05-21
1122,Sophia,Laptop,2,750.79,2024-02-16
1123,Ali,Printer,4,238.36,2024-05-10
1124,Liam,Mouse,5,26.42,2024-06-01
1125,Bob,Mouse,4,24.47,2024-05-23
1126,Sara,Tablet,5,413.67,2024-02-21
1127,Emma,Tablet,3,402.49,2024-05-13
1128,Sara,Monitor,1,163.12,2024-05-25
1129,Alice,Laptop,2,874.49,2024-06-12
1130,John,Monitor,1,161.21,2024-05-05
1131,John,Monitor,4,135.28,2024-04-27
1132,John,Monitor,5,157.84,2024-04-08
1133,Noah,Keyboard,5,40.85,2024-04-23
1134,Sara,Mouse,2,23.86,2024-06-18
1135,Sara,Keyboard,1,48.79,2024-04-30
1136,Emma,Mouse,4,26.32,2024-01-15
1137,John,Mouse,3,23.43,2024-06-29
1138,Sophia,Keyboard,3,40.77,2024-02-17
1139,John,Monitor,3,160.95,2024-03-06
1140,David,Laptop,4,756.06,2024-01-31
1141,Sophia,Printer,4,252.5,2024-06-28
1142,Emma,Tablet,1,368.99,2024-06-16
1143,Noah,Tablet,5,425.35,2024-02-08
1144,Liam,Laptop,4,822.94,2024-04-30
1145,Ali,Tablet,5,435.03,2024-04-10
1146,Noah,Keyboard,4,45.45,2024-05-19
1147,Ali,Printer,4,243.17,2024-02-15
1148,Emma,Laptop,1,778.05,2024-01-19
1149,Bob,Tablet,4,369.97,2024-05-28
1150,John,Laptop,4,721.24,2024-01-16
1151,Sara,Keyboard,5,42.23,2024-03-17
1152,Emma,Mouse,4,23.29,2024-03-06
1153,Noah,Keyboard,3,41.43,2024-04-08
1154,Emma,Keyboard,5,45.79,2024-03-14
1155,David,Monitor,2,163.24,2024-06-13
1156,Alice,Printer,3,249.22,2024-03-14
1157,Sophia,Keyboard,2,44.12,2024-04-15
1158,Bob,Keyboard,1,48.03,2024-04-14
1159,David,Printer,5,243.91,2024-04-27
1160,David,Mouse,4,22.91,2024-03-28
1161,Emma,Keyboard,4,45.93,2024-01-20
1162,Ali,Monitor,2,147.38,2024-06-23
1163,Noah,Monitor,1,160.09,2024-02-18
1164,Alice,Monitor,2,161.33,2024-04-20
1165,Ali,Mouse,3,23.44,2024-05-22
1166,David,Printer,2,269.62,2024-01-05
1167,Sara,Tablet,4,371.9,2024-06-13
1168,Alice,Laptop,2,860.23,2024-04-10
1169,Bob,Mouse,2,22.62,2024-06-02
1170,Bob,Tablet,4,434.84,2024-02-07
1171,Sara,Mouse,1,25.04,2024-06-08
1172,Sara,Tablet,5,390.22,2024-01-23
1173,Sara,Keyboard,5,43.36,2024-05-15
1174,Emma,Printer,1,272.46,2024-04-16
1175,John,Keyboard,3,49.15,2024-05-13
1176,Liam,Printer,5,274.01,2024-05-14
1177,Sara,Mouse,2,23.97,2024-06-16
1178,Alice,Keyboard,1,48.98,2024-06-10
1179,Noah,Keyboard,1,48.6,2024-06-06
1180,David,Monitor,5,139.28,2024-02-26
1181,Liam,Tablet,4,415.86,2024-05-15
1182,Noah,Mouse,2,25.99,2024-05-21
1183,Emma,Tablet,2,414.3,2024-01-03
1184,Sara,Mouse,5,24.73,2024-02-20
1185,Noah,Printer,1,242.32,2024-02-12
1186,David,Keyboard,2,46.11,2024-02-24
1187,Bob,Monitor,1,138.88,2024-03-27
1188,Ali,Tablet,3,373.26,2024-04-27
1189,Alice,Printer,1,265.13,2024-03-27
1190,Sara,Mouse,1,26.62,2024-01-08
1191,Ali,Keyboard,3,47.49,2024-01-13
1192,Emma,Tablet,3,415.33,2024-03-25
1193,Ali,Tablet,4,431.65,2024-02-13
1194,Bob,Mouse,4,26.31,2024-01-22
1195,Sophia,Mouse,1,26.87,2024-04-22
1196,Noah,Printer,1,256.98,2024-03-09
1197,Noah,Monitor,2,157.6,2024-05-16
1198,Liam,Tablet,1,419.39,2024-06-26
1199,Ali,Monitor,4,158.76,2024-03-01
1200,David,Tablet,2,373.26,2024-05-18
1201,Liam,Laptop,5,741.16,2024-05-30
1202,Bob,Mouse,4,23.43,2024-06-04
1203,Liam,Keyboard,3,46.84,2024-05-23
1204,Sara,Printer,3,232.79,2024-02-26
1205,Sara,Monitor,2,139.81,2024-06-26
1206,Noah,Monitor,4,142.96,2024-02-28
1207,John,Printer,2,254.72,2024-06-18
1208,Bob,Keyboard,5,42.06,2024-05-07
1209,Liam,Monitor,4,162.42,2024-01-29
1210,Liam,Laptop,2,871.26,2024-03-11
1211,Alice,Tablet,2,426.06,2024-06-17
1212,David,Monitor,2,158.68,2024-04-10
1213,Sophia,Tablet,5,404.07,2024-03-04
1214,Alice,Mouse,1,24.31,2024-03-26
1215,David,Monitor,2,138.06,2024-04-01
1216,Noah,Keyboard,2,49.48,2024-03-04
1217,David,Keyboard,4,46.23,2024-05-11
1218,David,Printer,2,274.91,2024-01-08
1219,Noah,Tablet,2,399.5,2024-05-10
1220,Sara,Printer,3,264.02,2024-02-09
1221,Sophia,Mouse,2,23.19,2024-02-11
1222,Liam,Monitor,1,151.69,2024-02-18
1223,Ali,Keyboard,2,47.49,2024-05-14
1224,Liam,Tablet,2,368.53,2024-04-03
1225,Bob,Laptop,4,801.81,2024-03-31
1226,John,Keyboard,5,47.84,2024-04-03
1227,Sophia,Mouse,3,26.37,2024-06-25
1228,Sara,Monitor,3,158.47,2024-02-03
1229,Ali,Laptop,5,877.64,2024-04-27
1230,David,Monitor,2,137.8,2024-06-25
1231,Sara,Keyboard,5,47.62,2024-05-14
1232,Emma,Monitor,1,145.54,2024-05-30
1233,Sophia,Laptop,3,740.71,2024-04-20
1234,John,Monitor,2,146.96,2024-02-12
1235,Emma,Printer,2,252.22,2024-04-08
1236,David,Laptop,1,877.93,2024-03-01
1237,John,Tablet,3,390.14,2024-02-26
1238,Emma,Mouse,1,24.48,2024-01-13
1239,Ali,Monitor,1,137.3,2024-02-11
1240,Sara,Mouse,4,24.44,2024-04-30
1241,Bob,Laptop,3,763.2,2024-04-11
1242,Ali,Printer,5,240.55,2024-03-22
1243,John,Printer,5,245.99,2024-01-23
1244,Sophia,Printer,2,260.58,2024-03-16
1245,Ali,Keyboard,4,43.63,2024-05-08
1246,Liam,Keyboard,5,42.8,2024-05-09
1247,Sophia,Printer,2,262.81,2024-01-23
1248,Alice,Tablet,1,439.29,2024-01-23
1249,Sara,Laptop,1,817.44,2024-02-18
1250,Bob,Monitor,4,142.04,2024-04-23
1251,Sara,Keyboard,3,43.11,2024-06-06
1252,Sophia,Laptop,4,821.65,2024-01-05
1253,Sara,Laptop,3,730.9,2024-01-13
1254,Sophia,Laptop,5,777.4,2024-03-15
1255,Sara,Mouse,4,22.53,2024-02-14
1256,John,Printer,4,232.82,2024-05-25
1257,John,Keyboard,5,44.05,2024-01-26
1258,Alice,Laptop,2,724.37,2024-04-30
1259,Bob,Tablet,5,425.87,2024-02-14
1260,Alice,Mouse,1,24.0,2024-06-29
1261,Noah,Laptop,5,747.26,2024-05-26
1262,Noah,Printer,1,231.44,2024-02-11
1263,Ali,Laptop,4,809.66,2024-04-14
1264,David,Tablet,3,423.71,2024-03-08
1265,Emma,Tablet,2,392.45,2024-01-13
1266,Noah,Mouse,3,23.25,2024-01-24
1267,Liam,Keyboard,2,46.62,2024-03-03
1268,Sophia,Laptop,5,829.65,2024-04-19
1269,Alice,Tablet,3,387.93,2024-03-26
1270,David,Monitor,1,163.75,2024-02-10
1271,John,Tablet,4,384.38,2024-02-22
1272,Alice,Keyboard,1,40.59,2024-01-23
1273,Sara,Laptop,4,774.2,2024-02-06
1274,Emma,Monitor,5,137.14,2024-02-23
1275,Ali,Tablet,4,389.64,2024-06-22
1276,David,Printer,2,238.28,2024-06-06
1277,Sara,Mouse,4,23.33,2024-01-17
1278,Noah,Mouse,1,24.44,2024-05-08
1279,Bob,Printer,3,227.7,2024-02-07
1280,Sara,Keyboard,3,45.09,2024-01-06
1281,Emma,Tablet,1,390.64,2024-05-13
1282,Bob,Printer,3,269.45,2024-06-12
1283,Sara,Printer,5,247.83,2024-02-10
1284,Sophia,Mouse,2,26.82,2024-02-19
1285,Bob,Mouse,5,23.48,2024-04-16
1286,Liam,Laptop,1,801.26,2024-04-11
1287,John,Printer,1,273.35,2024-05-13
1288,David,Laptop,3,731.16,2024-06-22
1289,Emma,Tablet,4,405.47,2024-04-09
1290,Liam,Monitor,4,152.11,2024-06-08
1291,Sophia,Printer,3,261.62,2024-05-02
1292,Sophia,Monitor,2,156.57,2024-06-11
1293,Sophia,Printer,4,250.16,2024-04-27
1294,Sophia,Laptop,2,791.44,2024-06-18
1295,Sara,Tablet,3,433.38,2024-03-25
1296,Noah,Laptop,1,834.96,2024-05-15
1297,Sophia,Laptop,2,847.05,2024-02-27
1298,John,Monitor,2,147.75,2024-05-20
1299,Alice,Mouse,5,23.04,2024-06-28
1300,Emma,Keyboard,3,49.31,2024-02-16
1301,Emma,Printer,3,244.31,2024-02-03
1302,David,Mouse,5,24.17,2024-03-04
1303,Noah,Printer,4,258.77,2024-03-22
1304,David,Laptop,1,816.91,2024-02-17
1305,Liam,Laptop,1,784.16,2024-06-27
1306,Noah,Printer,1,249.2,2024-02-26
1307,Emma,Mouse,3,24.91,2024-04-30
1308,David,Printer,2,270.96,2024-06-10
1309,Liam,Laptop,3,826.51,2024-05-22
1310,Alice,Keyboard,3,47.02,2024-04-11
1311,Emma,Mouse,4,27.21,2024-03-08
1312,Noah,Monitor,5,155.05,2024-02-11
1313,Sara,Keyboard,1,43.61,2024-01-11
1314,John,Keyboard,4,49.13,2024-03-02
1315,Sophia,Monitor,2,151.95,2024-06-27
1316,Liam,Mouse,3,25.21,2024-06-13
1317,Noah,Printer,1,233.57,2024-02-06
1318,John,Tablet,4,378.8,2024-01-04
1319,Sophia,Monitor,5,149.74,2024-04-03
1320,Bob,Printer,2,243.26,2024-02-04
1321,Ali,Printer,4,260.53,2024-02-17
1322,Bob,Laptop,5,850.3,2024-03-21
1323,David,Monitor,3,151.08,2024-01-30
1324,Ali,Keyboard,4,48.42,2024-06-22
1325,Sara,Laptop,3,874.64,2024-01-28
1326,Alice,Monitor,2,157.0,2024-05-22
1327,David,Keyboard,2,47.31,2024-01-15
1328,John,Printer,3,266.04,2024-04-16
1329,Liam,Monitor,4,148.23,2024-01-20
1330,Sara,Tablet,5,439.56,2024-06-13
1331,John,Mouse,3,26.37,2024-02-01
1332,Alice,Laptop,1,839.41,2024-03-22
1333,Sophia,Laptop,4,791.58,2024-03-09
1334,Ali,Tablet,5,428.97,2024-03-31
1335,Ali,Laptop,5,744.41,2024-02-03
1336,Alice,Laptop,4,783.15,2024-01-07
1337,Sara,Monitor,1,158.07,2024-06-07
1338,David,Monitor,3,143.96,2024-05-17
1339,Alice,Keyboard,3,49.04,2024-02-07
1340,Noah,Mouse,3,25.04,2024-01-02
1341,Noah,Keyboard,2,42.05,2024-03-07
1342,David,Keyboard,5,44.17,2024-05-30
1343,Ali,Mouse,5,27.2,2024-04-29
1344,Bob,Mouse,3,23.5,2024-03-15
1345,Bob,Keyboard,2,47.58,2024-05-22
1346,John,Laptop,5,743.0,2024-01-25
1347,Noah,Tablet,4,396.53,2024-05-18
1348,Noah,Keyboard,5,45.03,2024-04-23
1349,Liam,Tablet,1,436.87,2024-05-11
1350,Emma,Laptop,4,860.86,2024-02-03
1351,Sophia,Tablet,4,425.21,2024-06-20
1352,Ali,Tablet,4,382.57,2024-02-08
1353,Sophia,Monitor,4,153.98,2024-05-02
1354,Ali,Mouse,2,22.78,2024-02-15
1355,Ali,Monitor,4,146.6,2024-01-07
1356,Bob,Printer,5,272.12,2024-02-17
1357,Sophia,Keyboard,3,48.01,2024-01-10
1358,Sara,Printer,4,225.53,2024-02-17
1359,Alice,Tablet,4,363.1,2024-01-10
1360,John,Printer,4,227.02,2024-01-17
1361,Bob,Keyboard,5,44.01,2024-04-20
1362,Emma,Mouse,2,25.96,2024-01-09
1363,Noah,Laptop,2,850.09,2024-05-31
1364,Alice,Tablet,3,434.52,2024-02-19
1365,Liam,Tablet,4,379.18,2024-05-01
1366,Ali,Mouse,4,27.23,2024-03-20
1367,Ali,Mouse,2,25.58,2024-05-14
1368,Bob,Printer,4,244.21,2024-03-08
1369,Sophia,Printer,2,258.75,2024-01-18
1370,Emma,Laptop,5,776.89,2024-04-10
1371,Sara,Laptop,5,817.96,2024-03-28
1372,David,Monitor,5,159.25,2024-01-06
1373,Sophia,Tablet,4,371.4,2024-05-19
1374,Bob,Mouse,5,23.27,2024-06-04
1375,Noah,Printer,1,271.03,2024-01-28
1376,Sophia,Laptop,1,801.5,2024-01-09
1377,John,Mouse,4,26.13,2024-03-19
1378,Alice,Mouse,3,23.46,2024-03-15
1379,David,Mouse,4,24.37,2024-06-07
1380,Alice,Mouse,3,23.36,2024-05-30
1381,Alice,Monitor,2,147.31,2024-05-21
1382,John,Tablet,1,396.51,2024-01-03
1383,Noah,Mouse,3,22.83,2024-01-30
1384,Emma,Mouse,3,26.25,2024-05-25
1385,Alice,Keyboard,3,46.08,2024-02-28
1386,Alice,Laptop,4,770.4,2024-04-03
1387,Bob,Printer,1,235.95,2024-01-04
1388,John,Mouse,2,22.6,2024-01-31
1389,Noah,Laptop,4,775.91,2024-01-30
1390,Alice,Printer,2,268.21,2024-05-23
1391,David,Laptop,3,792.77,2024-06-15
1392,Sophia,Keyboard,1,42.86,2024-02-17
1393,Sophia,Printer,5,230.34,2024-01-08
1394,Sophia,Mouse,5,23.87,2024-06-21
1395,Liam,Tablet,2,414.08,2024-05-11
1396,Bob,Monitor,2,156.77,2024-01-22
1397,Ali,Monitor,4,139.59,2024-05-03
1398,John,Keyboard,4,48.43,2024-02-20
1399,David,Printer,1,247.25,2024-01-08
1400,Emma,Mouse,3,22.62,2024-04-15
1401,Sophia,Monitor,4,157.88,2024-01-09
1402,Sara,Tablet,2,360.46,2024-06-06
1403,Alice,Monitor,1,160.78,2024-03-13
1404,Sara,Mouse,2,25.69,2024-06-27
1405,Alice,Tablet,3,405.59,2024-05-15
1406,Ali,Keyboard,4,43.2,2024-01-05
1407,John,Mouse,1,23.48,2024-01-26
1408,Bob,Monitor,1,142.84,2024-04-12
1409,Bob,Tablet,2,411.66,2024-03-07
1410,Liam,Laptop,2,861.21,2024-06-14
1411,Sophia,Keyboard,1,42.06,2024-03-03
1412,Ali,Printer,5,269.83,2024-01-07
1413,John,Tablet,4,419.46,2024-06-07
1414,Sara,Mouse,2,26.3,2024-06-23
1415,Liam,Mouse,2,26.26,2024-03-12
1416,Alice,Laptop,1,865.72,2024-04-23
1417,John,Monitor,2,156.05,2024-03-06
1418,David,Mouse,4,24.41,2024-03-12
1419,David,Laptop,3,744.8,2024-02-09
1420,David,Monitor,5,155.42,2024-05-17
1421,Ali,Keyboard,4,46.13,2024-06-07
1422,Sara,Monitor,5,158.85,2024-01-21
1423,Bob,Keyboard,4,47.27,2024-01-12
1424,Ali,Keyboard,4,45.85,2024-01-10
1425,Emma,Tablet,1,378.96,2024-02-07
1426,Liam,Laptop,1,843.14,2024-03-03
1427,Sara,Tablet,5,377.65,2024-02-23
1428,Noah,Laptop,3,792.67,2024-05-11
1429,Noah,Keyboard,3,48.86,2024-05-31
1430,Ali,Tablet,1,405.2,2024-02-08
1431,Alice,Keyboard,1,47.08,2024-05-02
1432,Noah,Monitor,3,136.94,2024-03-23
1433,Noah,Printer,5,265.35,2024-05-08
1434,Alice,Mouse,4,23.98,2024-01-14
1435,Ali,Keyboard,1,46.23,2024-03-10
1436,John,Keyboard,4,47.23,2024-06-02
1437,Liam,Monitor,3,142.56,2024-04-12
1438,Liam,Tablet,1,365.41,2024-02-14
1439,Emma,Tablet,5,376.44,2024-01-26
1440,Bob,Monitor,3,153.98,2024-02-25
1441,John,Tablet,4,363.26,2024-05-19
1442,Emma,Laptop,2,826.17,2024-04-09
1443,Ali,Tablet,1,360.51,2024-06-24
1444,Sara,Monitor,4,161.62,2024-06-06
1445,Sophia,Printer,4,253.52,2024-04-11
1446,Alice,Printer,1,244.29,2024-05-04
1447,Liam,Monitor,5,139.48,2024-03-04
1448,Noah,Monitor,5,142.1,2024-04-02
1449,John,Tablet,4,370.66,2024-05-05
1450,David,Tablet,3,370.84,2024-04-14
1451,Sophia,Keyboard,1,49.4,2024-06-08
1452,Emma,Tablet,3,386.21,2024-02-23
1453,Bob,Printer,5,263.46,2024-03-21
1454,Sophia,Laptop,3,760.64,2024-01-09
1455,Liam,Keyboard,4,48.84,2024-04-06
1456,Sara,Mouse,2,25.59,2024-02-01
1457,David,Laptop,2,774.97,2024-06-06
1458,Alice,Monitor,2,160.68,2024-03-18
1459,David,Mouse,4,23.79,2024-01-02
1460,Emma,Laptop,5,728.65,2024-01-24
1461,Sophia,Mouse,2,24.47,2024-02-26
1462,Sophia,Keyboard,1,44.34,2024-02-06
1463,Liam,Tablet,4,434.24,2024-06-20
1464,John,Laptop,1,844.53,2024-01-19
1465,John,Keyboard,1,48.69,2024-03-17
1466,Sophia,Keyboard,2,45.67,2024-06-15
1467,Sophia,Mouse,3,24.18,2024-03-29
1468,Liam,Mouse,4,23.84,2024-04-20
1469,David,Monitor,1,139.74,2024-06-26
1470,Ali,Mouse,2,26.06,2024-06-17
1471,Alice,Printer,2,256.19,2024-01-14
1472,Alice,Tablet,5,416.21,2024-02-15
1473,Emma,Tablet,1,360.28,2024-06-28
1474,Ali,Printer,3,234.93,2024-04-12
1475,Liam,Tablet,4,436.39,2024-04-20
1476,John,Mouse,1,22.52,2024-01-19
1477,Alice,Keyboard,5,40.94,2024-06-26
1478,Alice,Printer,3,257.02,2024-03-02
1479,Emma,Mouse,1,26.76,2024-02-23
1480,Ali,Keyboard,5,47.81,2024-02-15
1481,Sara,Keyboard,4,40.84,2024-02-23
1482,Liam,Printer,4,269.33,2024-05-30
1483,Bob,Keyboard,2,45.09,2024-02-01
1484,Liam,Monitor,3,161.24,2024-06-22
1485,Bob,Printer,4,267.29,2024-04-09
1486,Bob,Tablet,3,433.28,2024-06-25
1487,Sara,Monitor,1,145.97,2024-02-26
1488,Ali,Laptop,3,807.61,2024-01-25
1489,Liam,Mouse,3,25.75,2024-04-24
1490,Sophia,Monitor,1,161.07,2024-03-02
1491,Ali,Laptop,1,822.34,2024-04-03
1492,Ali,Keyboard,3,45.29,2024-01-26
1493,Liam,Monitor,5,146.21,2024-05-05
1494,Liam,Monitor,5,137.07,2024-05-01
1495,John,Monitor,2,137.28,2024-06-28
1496,Noah,Printer,4,247.56,2024-02-10
1497,Sophia,Mouse,1,26.51,2024-06-18
1498,Ali,Keyboard,5,41.2,2024-01-22
1499,Liam,Keyboard,3,46.14,2024-03-17
1500,John,Laptop,3,872.48,2024-04-01
1501,Bob,Mouse,3,24.44,2024-06-21
1502,Sara,Mouse,5,26.95,2024-02-05
1503,Bob,Tablet,1,413.47,2024-03-15
1504,Noah,Laptop,1,732.69,2024-01-26
1505,Ali,Keyboard,1,43.39,2024-05-07
1506,Emma,Printer,4,266.76,2024-03-13
1507,Alice,Printer,1,228.71,2024-02-28
1508,Ali,Monitor,1,142.66,2024-06-17
1509,Sara,Printer,2,248.77,2024-04-25
1510,John,Tablet,3,371.21,2024-02-08
1511,David,Monitor,3,158.04,2024-03-12
1512,Sara,Printer,3,240.61,2024-03-10
1513,David,Tablet,3,394.46,2024-05-13
1514,Sophia,Tablet,4,404.23,2024-01-13
1515,John,Monitor,2,136.87,2024-05-17
1516,Sara,Mouse,2,23.75,2024-04-12
1517,Ali,Keyboard,1,41.45,2024-01-16
1518,Sara,Mouse,1,25.39,2024-04-11
1519,Liam,Laptop,2,757.3,2024-01-14
1520,John,Printer,2,235.56,2024-02-06
1521,Liam,Keyboard,5,47.31,2024-06-23
1522,Liam,Printer,4,246.52,2024-04-24
1523,Emma,Mouse,5,22.59,2024-02-16
1524,David,Mouse,5,26.12,2024-02-14
1525,Liam,Monitor,3,146.02,2024-03-05
1526,Ali,Laptop,1,722.6,2024-04-04
1527,David,Keyboard,3,41.69,2024-02-15
1528,Bob,Tablet,4,423.97,2024-03-15
1529,Sophia,Keyboard,4,42.08,2024-06-04
1530,Bob,Keyboard,1,49.48,2024-05-26
1531,Emma,Laptop,4,873.27,2024-01-17
1532,John,Printer,2,267.56,2024-06-26
1533,Liam,Keyboard,4,43.41,2024-03-08
1534,Noah,Printer,1,227.53,2024-06-13
1535,David,Mouse,5,23.93,2024-04-10
1536,Ali,Laptop,2,842.19,2024-04-20
1537,Noah,Keyboard,5,49.27,2024-05-31
1538,Alice,Laptop,1,847.12,2024-04-19
1539,John,Laptop,4,723.67,2024-01-08
1540,Ali,Keyboard,5,44.32,2024-06-12
1541,John,Keyboard,3,42.8,2024-03-24
1542,Sara,Laptop,5,758.23,2024-06-24
1543,Emma,Laptop,5,724.21,2024-05-09
1544,Liam,Keyboard,1,40.73,2024-05-03
1545,Sara,Mouse,3,27.09,2024-04-17
1546,Bob,Printer,5,241.22,2024-04-09
1547,John,Tablet,5,394.41,2024-04-13
1548,Alice,Laptop,1,748.94,2024-01-20
1549,Alice,Keyboard,2,46.36,2024-01-29
1550,Liam,Laptop,2,872.24,2024-05-13
1551,David,Mouse,5,24.39,2024-02-11
1552,Alice,Monitor,2,144.32,2024-05-07
1553,Ali,Laptop,5,736.34,2024-01-09
1554,David,Keyboard,5,47.24,2024-06-08
1555,Ali,Printer,3,252.34,2024-06-19
1556,Emma,Mouse,3,24.85,2024-04-02
1557,Sara,Keyboard,4,42.91,2024-02-05
1558,Bob,Tablet,2,392.74,2024-05-29
1559,Emma,Mouse,3,23.58,2024-02-12
1560,Liam,Laptop,4,811.99,2024-02-13
1561,John,Tablet,2,373.25,2024-05-22
1562,Sophia,Monitor,3,161.4,2024-02-02
1563,David,Laptop,3,775.96,2024-03-13
1564,John,Monitor,1,139.9,2024-05-07
1565,Sophia,Mouse,4,26.85,2024-05-13
1566,David,Keyboard,1,41.98,2024-03-01
1567,Bob,Keyboard,2,42.31,2024-03-19
1568,Sara,Tablet,5,362.08,2024-03-02
1569,Emma,Laptop,4,770.47,2024-05-30
1570,John,Keyboard,2,43.39,2024-01-27
1571,Noah,Tablet,1,394.78,2024-01-27
1572,Bob,Printer,5,269.13,2024-03-30
1573,Alice,Monitor,1,157.42,2024-01-29
1574,John,Printer,5,228.72,2024-03-20
1575,Bob,Keyboard,3,47.28,2024-03-06
1576,Ali,Printer,2,267.02,2024-02-20
1577,Bob,Monitor,5,135.75,2024-02-04
1578,Bob,Monitor,4,138.44,2024-05-16
1579,Noah,Laptop,3,790.39,2024-04-19
1580,David,Monitor,1,152.75,2024-06-10
1581,Emma,Printer,4,263.49,2024-03-15
1582,Bob,Tablet,2,433.47,2024-05-20
1583,Emma,Printer,2,253.29,2024-03-13
1584,David,Printer,5,266.2,2024-03-21
1585,Sophia,Mouse,2,26.34,2024-05-20
1586,David,Keyboard,3,47.68,2024-01-18
1587,Sara,Printer,5,235.57,2024-04-02
1588,Liam,Tablet,3,389.64,2024-05-07
1589,John,Keyboard,2,49.31,2024-02-03
1590,Sara,Laptop,2,773.15,2024-05-22
1591,David,Printer,4,271.75,2024-06-17
1592,Noah,Keyboard,4,49.3,2024-03-28
1593,Alice,Monitor,5,150.07,2024-05-05
1594,Bob,Mouse,1,27.35,2024-01-09
1595,Liam,Keyboard,5,44.41,2024-04-08
1596,Ali,Monitor,3,144.26,2024-05-02
1597,Sophia,Tablet,5,373.09,2024-01-15
1598,Sophia,Keyboard,1,47.84,2024-06-16
1599,Bob,Mouse,2,23.57,2024-01-04
1600,Ali,Printer,1,252.2,2024-05-10
1601,Alice,Mouse,5,23.93,2024-03-24
1602,Noah,Laptop,5,724.33,2024-06-21
1603,Sara,Monitor,5,135.62,2024-05-07
1604,Sara,Mouse,5,26.71,2024-02-20
1605,Sophia,Monitor,3,139.9,2024-05-10
1606,Bob,Keyboard,4,47.23,2024-06-25
1607,Emma,Printer,1,274.61,2024-01-08
1608,Alice,Monitor,3,156.26,2024-05-14
1609,Noah,Tablet,1,429.39,2024-05-21
1610,Alice,Mouse,4,25.76,2024-02-01
1611,Liam,Tablet,4,390.67,2024-04-01
1612,Sophia,Keyboard,1,44.22,2024-01-11
1613,Sara,Printer,5,274.32,2024-05-16
1614,Noah,Monitor,4,144.9,2024-01-17
1615,Sara,Tablet,5,424.31,2024-03-01
1616,Ali,Monitor,1,158.48,2024-05-08
1617,Bob,Monitor,2,154.49,2024-06-25
1618,Emma,Mouse,4,22.73,2024-02-11
1619,Emma,Keyboard,4,48.94,2024-05-11
1620,Alice,Laptop,4,727.12,2024-04-16
1621,Liam,Monitor,5,141.5,2024-05-23
1622,Alice,Laptop,5,872.21,2024-02-29
1623,Alice,Monitor,3,162.59,2024-01-25
1624,Bob,Laptop,3,863.15,2024-06-06
1625,Bob,Mouse,2,25.08,2024-04-09
1626,Sara,Printer,1,252.73,2024-01-01
1627,David,Laptop,1,735.59,2024-04-11
1628,Liam,Monitor,2,146.31,2024-01-09
1629,John,Monitor,4,161.26,2024-04-03
1630,Emma,Tablet,3,410.07,2024-05-20
1631,John,Printer,4,254.75,2024-03-13
1632,Bob,Monitor,1,144.76,2024-01-24
1633,Bob,Printer,2,245.13,2024-05-16
1634,Sara,Mouse,3,24.35,2024-05-21
1635,Sophia,Tablet,2,397.96,2024-01-11
1636,Ali,Laptop,1,844.56,2024-06-20
1637,Noah,Tablet,2,428.94,2024-04-08
1638,Alice,Laptop,1,814.88,2024-05-04
1639,Alice,Monitor,2,162.86,2024-05-21
1640,John,Keyboard,5,45.06,2024-02-28
1641,Bob,Laptop,3,770.56,2024-03-29
1642,Sophia,Monitor,4,144.04,2024-04-20
1643,Noah,Laptop,1,776.3,2024-03-16
1644,Liam,Keyboard,4,49.14,2024-04-19
1645,Alice,Printer,4,251.27,2024-04-24
1646,Sara,Keyboard,5,41.99,2024-03-04
1647,Ali,Monitor,1,140.86,2024-05-04
1648,Ali,Monitor,4,141.86,2024-03-17
1649,Noah,Mouse,3,25.42,2024-03-16
1650,Emma,Monitor,4,144.47,2024-01-26
1651,Sophia,Monitor,5,136.6,2024-05-13
1652,Noah,Tablet,1,427.14,2024-04-28
1653,John,Keyboard,3,41.68,2024-02-24
1654,Sara,Keyboard,4,44.41,2024-01-10
1655,Noah,Laptop,4,785.88,2024-06-21
1656,Liam,Tablet,2,397.21,2024-02-26
1657,John,Mouse,3,27.26,2024-06-10
1658,John,Printer,4,239.05,2024-02-04
1659,Liam,Monitor,4,150.14,2024-01-29
1660,Sophia,Tablet,1,380.26,2024-05-19
1661,Noah,Printer,1,268.77,2024-04-30
1662,Sophia,Keyboard,4,45.54,2024-05-21
1663,Noah,Laptop,1,872.5,2024-01-19
1664,Sophia,Mouse,3,26.05,2024-05-27
1665,David,Laptop,3,853.66,2024-05-06
1666,Bob,Printer,1,248.1,2024-03-17
1667,Alice,Laptop,3,732.29,2024-04-05
1668,Liam,Printer,5,231.08,2024-05-26
1669,Alice,Tablet,3,423.16,2024-02-11
1670,Sophia,Keyboard,5,41.38,2024-06-09
1671,John,Monitor,1,147.63,2024-04-21
1672,Liam,Laptop,5,812.1,2024-04-29
1673,Liam,Keyboard,4,41.62,2024-01-26
1674,Noah,Mouse,5,23.53,2024-05-10
1675,Emma,Laptop,1,757.26,2024-03-17
1676,John,Laptop,2,850.28,2024-05-11
1677,Alice,Keyboard,3,45.59,2024-01-07
1678,Noah,Monitor,4,150.47,2024-06-28
1679,Alice,Monitor,3,151.02,2024-05-18
1680,David,Laptop,2,787.79,2024-06-13
1681,Liam,Mouse,2,23.8,2024-02-10
1682,Sophia,Keyboard,3,47.59,2024-04-20
1683,Alice,Keyboard,1,40.82,2024-06-28
1684,Emma,Tablet,2,427.58,2024-03-30
1685,Emma,Mouse,3,25.36,2024-05-01
1686,Liam,Mouse,1,26.74,2024-01-17
1687,Liam,Monitor,3,139.27,2024-01-16
1688,Sara,Tablet,1,366.65,2024-05-29
1689,Emma,Laptop,2,782.67,2024-02-04
1690,John,Laptop,5,830.27,2024-02-06
1691,Sophia,Monitor,2,146.19,2024-06-22
1692,David,Monitor,1,156.01,2024-03-29
1693,Noah,Monitor,5,149.15,2024-05-19
1694,David,Tablet,2,418.16,2024-05-09
1695,Alice,Keyboard,1,48.91,2024-01-12
1696,Sophia,Printer,3,272.88,2024-03-21
1697,Ali,Mouse,3,26.45,2024-03-10
1698,Sophia,Monitor,5,164.01,2024-06-15
1699,Alice,Printer,4,252.7,2024-04-02
1700,Sara,Keyboard,3,46.13,2024-05-28
1701,Sophia,Laptop,3,867.16,2024-03-28
1702,John,Tablet,3,382.91,2024-01-30
1703,David,Printer,1,270.4,2024-04-03
1704,Ali,Mouse,2,25.0,2024-06-02
1705,Sophia,Laptop,2,856.77,2024-03-17
1706,Ali,Laptop,5,782.59,2024-04-28
1707,Bob,Mouse,5,24.16,2024-04-25
1708,Sara,Keyboard,1,48.4,2024-06-01
1709,Emma,Printer,2,229.71,2024-01-25
1710,David,Keyboard,5,47.94,2024-06-12
1711,Alice,Monitor,2,153.9,2024-05-11
1712,Bob,Mouse,3,24.22,2024-04-10
1713,John,Printer,3,256.93,2024-04-13
1714,Ali,Mouse,2,24.55,2024-05-06
1715,Sara,Laptop,5,838.88,2024-04-27
1716,Emma,Mouse,4,27.2,2024-04-26
1717,John,Printer,4,230.15,2024-06-10
1718,Bob,Mouse,1,23.33,2024-03-29
1719,Sophia,Printer,3,247.29,2024-06-04
1720,Noah,Mouse,4,27.29,2024-04-17
1721,Sophia,Monitor,2,138.67,2024-02-14
1722,Alice,Monitor,4,149.5,2024-03-25
1723,Ali,Mouse,1,22.86,2024-01-01
1724,David,Monitor,3,136.95,2024-01-30
1725,David,Mouse,3,23.9,2024-03-03
1726,Bob,Tablet,3,415.33,2024-01-23
1727,Noah,Laptop,1,841.73,2024-05-16
1728,Ali,Laptop,5,747.99,2024-06-19
1729,Sophia,Tablet,5,432.65,2024-02-01
1730,Emma,Monitor,5,137.96,2024-04-24
1731,Liam,Mouse,2,26.6,2024-06-21
1732,Sophia,Tablet,3,376.16,2024-03-29
1733,Sophia,Tablet,5,371.13,2024-04-28
1734,Noah,Laptop,5,729.31,2024-02-12
1735,David,Mouse,5,24.13,2024-01-30
1736,John,Keyboard,3,41.35,2024-01-28
1737,Sophia,Mouse,2,23.77,2024-03-05
1738,Alice,Printer,3,257.3,2024-05-10
1739,Ali,Keyboard,3,40.65,2024-05-26
1740,Noah,Laptop,3,874.78,2024-01-06
1741,Sara,Laptop,4,825.91,2024-06-03
1742,Sophia,Printer,5,231.38,2024-02-11
1743,Ali,Mouse,1,27.29,2024-03-23
1744,Noah,Mouse,4,23.99,2024-06-19
1745,David,Laptop,3,739.3,2024-06-11
1746,Noah,Monitor,4,138.8,2024-06-25
1747,Sara,Monitor,4,136.86,2024-03-01
1748,David,Tablet,5,384.5,2024-01-26
1749,Alice,Laptop,2,833.56,2024-06-24
1750,Noah,Keyboard,4,41.24,2024-03-12
1751,Alice,Mouse,1,25.02,2024-04-05
1752,Alice,Monitor,2,156.16,2024-05-25
1753,Alice,Laptop,4,836.75,2024-05-14
1754,David,Mouse,2,23.54,2024-02-03
1755,Noah,Tablet,4,394.38,2024-06-21
1756,Alice,Keyboard,5,43.58,2024-03-09
1757,Alice,Laptop,2,815.64,2024-01-03
1758,Emma,Laptop,5,835.79,2024-02-20
1759,David,Tablet,2,397.18,2024-05-10
1760,David,Tablet,4,381.69,2024-01-31
1761,Sophia,Laptop,4,779.6,2024-01-26
1762,Ali,Tablet,1,399.17,2024-02-09
1763,David,Printer,1,259.82,2024-06-01
1764,Ali,Laptop,1,792.32,2024-05-24
1765,David,Tablet,5,427.36,2024-06-13
1766,Noah,Tablet,3,432.76,2024-05-16
1767,Bob,Mouse,3,26.14,2024-03-30
1768,Liam,Laptop,1,850.84,2024-02-26
1769,David,Keyboard,1,40.8,2024-02-25
1770,Noah,Printer,5,236.68,2024-06-15
1771,Emma,Monitor,5,141.45,2024-01-08
1772,David,Laptop,2,732.12,2024-04-13
1773,John,Mouse,3,26.09,2024-06-10
1774,Liam,Monitor,5,158.82,2024-02-08
1775,David,Keyboard,4,42.49,2024-06-25
1776,Liam,Keyboard,2,47.59,2024-06-04
1777,Emma,Tablet,5,361.67,2024-05-17
1778,Ali,Mouse,1,24.93,2024-05-23
1779,Emma,Mouse,4,24.39,2024-02-12
1780,Sara,Monitor,5,135.49,2024-06-24
1781,Sara,Laptop,3,861.78,2024-03-29
1782,Sophia,Monitor,1,136.08,2024-05-16
1783,Noah,Laptop,3,764.0,2024-04-28
1784,Liam,Keyboard,5,43.56,2024-03-17
1785,Liam,Tablet,2,401.58,2024-05-16
1786,Bob,Laptop,2,856.87,2024-02-06
1787,David,Mouse,1,24.28,2024-03-18
1788,David,Printer,2,261.74,2024-06-27
1789,Sophia,Tablet,1,380.04,2024-05-07
1790,Ali,Laptop,1,866.04,2024-02-27
1791,Bob,Keyboard,3,42.47,2024-04-25
1792,Noah,Printer,3,273.63,2024-02-24
1793,Emma,Printer,3,274.38,2024-04-17
1794,Alice,Laptop,2,808.45,2024-04-15
1795,Bob,Laptop,2,799.0,2024-04-14
1796,Sara,Mouse,1,27.46,2024-05-23
1797,Bob,Printer,5,248.63,2024-06-16
1798,David,Keyboard,2,41.01,2024-03-11
1799,Emma,Laptop,4,721.98,2024-01-27
1800,Ali,Printer,5,233.77,2024-05-18
1801,Noah,Printer,4,231.14,2024-01-15
1802,John,Laptop,3,855.57,2024-06-16
1803,Alice,Laptop,5,812.52,2024-02-13
1804,John,Laptop,3,840.74,2024-06-14
1805,Sara,Laptop,5,812.86,2024-01-21
1806,Emma,Printer,3,241.29,2024-02-16
1807,Sara,Tablet,4,416.8,2024-06-11
1808,David,Mouse,3,22.93,2024-04-14
1809,David,Monitor,2,143.26,2024-03-11
1810,Noah,Printer,2,239.4,2024-06-19
1811,David,Printer,5,264.96,2024-03-01
1812,Sophia,Laptop,2,874.52,2024-04-05
1813,David,Laptop,1,867.79,2024-01-10
1814,Alice,Printer,5,238.9,2024-02-10
1815,Bob,Printer,3,269.4,2024-01-05
1816,Alice,Mouse,2,25.55,2024-06-16
1817,Liam,Printer,1,248.64,2024-01-07
1818,Ali,Tablet,5,379.07,2024-01-20
1819,John,Monitor,3,159.31,2024-02-26
1820,Alice,Printer,5,228.81,2024-04-05
1821,David,Monitor,2,153.68,2024-06-09
1822,David,Laptop,3,727.06,2024-03-19
1823,Liam,Monitor,4,137.64,2024-06-01
1824,Alice,Keyboard,2,42.53,2024-05-21
1825,Noah,Laptop,4,761.45,2024-02-04
1826,Ali,Tablet,5,362.39,2024-05-19
1827,Ali,Printer,3,237.08,2024-05-27
1828,Sara,Keyboard,2,42.25,2024-02-06
1829,Liam,Mouse,2,24.79,2024-06-20
1830,Alice,Tablet,1,415.89,2024-05-17
1831,Sara,Keyboard,2,46.75,2024-05-03
1832,Liam,Tablet,5,410.89,2024-01-21
1833,Liam,Laptop,1,816.34,2024-01-29
1834,Alice,Monitor,4,160.94,2024-06-14
1835,John,Laptop,2,739.63,2024-05-29
1836,Alice,Printer,3,226.53,2024-06-17
1837,Ali,Mouse,4,24.96,2024-01-03
1838,Sara,Keyboard,4,49.27,2024-05-17
1839,David,Laptop,2,723.04,2024-06-18
1840,David,Laptop,3,771.53,2024-05-20
1841,Sophia,Printer,3,244.62,2024-01-20
1842,Emma,Printer,1,263.26,2024-04-19
1843,David,Monitor,1,151.61,2024-05-20
1844,Sara,Monitor,3,153.91,2024-01-23
1845,Bob,Printer,1,273.94,2024-04-17
1846,Alice,Mouse,4,24.52,2024-01-03
1847,Alice,Laptop,5,783.64,2024-05-06
1848,John,Keyboard,1,47.63,2024-06-04
1849,Alice,Mouse,1,23.95,2024-02-12
1850,Emma,Laptop,4,724.42,2024-01-27
1851,Ali,Monitor,1,163.84,2024-05-09
1852,Sophia,Monitor,4,141.55,2024-05-25
1853,Noah,Printer,4,238.67,2024-06-21
1854,Alice,Keyboard,1,48.4,2024-01-11
1855,Noah,Tablet,5,388.61,2024-01-09
1856,Liam,Monitor,2,151.58,2024-01-14
1857,John,Mouse,4,24.13,2024-06-08
1858,Sara,Tablet,2,402.75,2024-03-13
1859,David,Keyboard,3,49.39,2024-01-03
1860,Bob,Mouse,4,23.32,2024-06-01
1861,Sophia,Tablet,5,388.13,2024-06-03
1862,Bob,Tablet,1,430.2,2024-02-27
1863,John,Tablet,3,438.15,2024-01-09
1864,John,Keyboard,1,44.09,2024-06-08
1865,Sophia,Printer,4,255.05,2024-05-23
1866,Emma,Monitor,3,143.6,2024-06-02
1867,Alice,Keyboard,3,44.3,2024-04-15
1868,David,Laptop,5,867.2,2024-04-21
1869,David,Monitor,1,145.93,2024-06-02
1870,David,Printer,1,227.39,2024-03-23
1871,Bob,Mouse,1,23.32,2024-01-29
1872,Alice,Printer,5,253.57,2024-06-14
1873,David,Keyboard,2,45.12,2024-03-01
1874,David,Keyboard,4,49.29,2024-06-21
1875,Bob,Monitor,1,143.61,2024-01-02
1876,Bob,Monitor,2,146.6,2024-02-27
1877,David,Printer,3,264.41,2024-03-03
1878,Emma,Tablet,3,412.77,2024-03-25
1879,Emma,Laptop,4,803.09,2024-01-24
1880,David,Monitor,5,153.52,2024-04-09
1881,Emma,Printer,3,249.97,2024-04-06
1882,Noah,Tablet,2,374.74,2024-02-27
1883,John,Keyboard,3,46.32,2024-03-27
1884,John,Keyboard,3,45.07,2024-05-25
1885,David,Keyboard,1,40.65,2024-03-16
1886,David,Laptop,5,841.43,2024-06-08
1887,Noah,Tablet,2,413.12,2024-04-16
1888,Ali,Keyboard,5,47.35,2024-04-01
1889,Sophia,Mouse,1,25.62,2024-06-06
1890,Liam,Tablet,2,426.24,2024-01-02
1891,David,Laptop,1,822.84,2024-02-04
1892,Sara,Tablet,2,437.61,2024-04-09
1893,Bob,Laptop,3,806.44,2024-03-25
1894,David,Mouse,1,25.25,2024-04-12
1895,Sara,Printer,4,260.39,2024-04-11
1896,Noah,Mouse,4,27.17,2024-05-25
1897,David,Keyboard,5,48.92,2024-03-03
1898,Ali,Monitor,3,140.25,2024-01-06
1899,John,Monitor,4,142.55,2024-06-24
1900,Liam,Laptop,4,848.42,2024-06-20
1901,Sara,Laptop,3,724.29,2024-06-17
1902,David,Monitor,5,137.06,2024-02-09
1903,Bob,Printer,5,269.66,2024-04-05
1904,Ali,Monitor,5,152.84,2024-01-26
1905,Noah,Printer,5,252.76,2024-03-09
1906,Sara,Tablet,4,391.96,2024-02-05
1907,Sara,Mouse,5,25.17,2024-04-28
1908,Ali,Mouse,4,26.59,2024-01-25
1909,David,Printer,5,242.26,2024-05-27
1910,Noah,Monitor,5,162.16,2024-04-30
1911,Sara,Printer,5,273.56,2024-03-08
1912,Liam,Keyboard,1,42.71,2024-04-11
1913,Alice,Tablet,3,376.98,2024-05-21
1914,Ali,Monitor,5,138.29,2024-04-30
1915,David,Laptop,5,775.66,2024-04-02
1916,Alice,Mouse,2,26.36,2024-06-15
1917,Liam,Keyboard,5,40.9,2024-02-14
1918,Alice,Mouse,1,22.59,2024-01-07
1919,Emma,Tablet,2,373.16,2024-05-23
1920,Ali,Laptop,1,769.46,2024-05-17
1921,Alice,Laptop,2,829.59,2024-05-18
1922,Sara,Keyboard,2,47.33,2024-05-19
1923,Alice,Tablet,2,373.17,2024-02-22
1924,Ali,Keyboard,1,40.52,2024-02-20
1925,David,Laptop,5,763.23,2024-05-31
1926,John,Tablet,5,398.12,2024-01-28
1927,Sara,Printer,2,264.64,2024-03-08
1928,Ali,Keyboard,3,45.17,2024-03-07
1929,Emma,Monitor,1,147.9,2024-03-07
1930,Ali,Laptop,2,793.53,2024-01-30
1931,Emma,Tablet,2,370.23,2024-03-13
1932,David,Monitor,5,152.74,2024-03-24
1933,Alice,Keyboard,4,48.18,2024-03-01
1934,Ali,Laptop,2,734.46,2024-01-12
1935,Liam,Keyboard,5,41.74,2024-02-28
1936,Liam,Printer,5,269.02,2024-04-14
1937,Noah,Printer,1,235.98,2024-06-17
1938,David,Laptop,5,732.03,2024-06-13
1939,Noah,Tablet,1,372.85,2024-06-05
1940,Liam,Tablet,3,419.19,2024-06-12
1941,Emma,Laptop,4,821.25,2024-01-23
1942,John,Keyboard,3,49.31,2024-05-01
1943,David,Tablet,5,426.45,2024-02-20
1944,David,Printer,4,249.58,2024-06-17
1945,Noah,Laptop,2,860.06,2024-03-08
1946,Alice,Mouse,3,26.26,2024-05-12
1947,Ali,Laptop,5,826.26,2024-04-10
1948,David,Printer,3,226.11,2024-06-29
1949,Sophia,Monitor,2,154.44,2024-04-20
1950,John,Mouse,5,25.57,2024-03-17
1951,Liam,Mouse,5,26.17,2024-01-25
1952,Liam,Laptop,5,812.19,2024-04-15
1953,Noah,Monitor,5,138.2,2024-05-20
1954,Ali,Printer,3,269.04,2024-02-04
1955,Emma,Keyboard,4,41.87,2024-06-27
1956,Bob,Laptop,3,801.43,2024-03-19
1957,Liam,Mouse,3,23.11,2024-01-05
1958,Bob,Mouse,4,23.99,2024-03-28
1959,Noah,Keyboard,3,42.76,2024-03-21
1960,Sara,Monitor,5,145.76,2024-02-10
1961,Sara,Monitor,2,164.89,2024-04-17
1962,Bob,Printer,2,253.11,2024-04-01
1963,Emma,Mouse,1,24.66,2024-01-21
1964,Liam,Printer,5,265.15,2024-04-22
1965,David,Mouse,5,26.2,2024-03-29
1966,Alice,Monitor,1,150.96,2024-06-29
1967,John,Mouse,3,27.35,2024-05-11
1968,Emma,Printer,2,238.1,2024-04-17
1969,Ali,Keyboard,3,49.32,2024-01-31
1970,Sara,Printer,2,253.12,2024-01-21
1971,Bob,Tablet,3,366.21,2024-03-16
1972,Liam,Monitor,4,140.62,2024-02-09
1973,Ali,Keyboard,3,44.36,2024-03-12
1974,Liam,Monitor,2,147.81,2024-05-01
1975,Emma,Laptop,3,747.53,2024-04-25
1976,Emma,Printer,4,229.99,2024-01-04
1977,Alice,Keyboard,3,43.68,2024-05-17
1978,Sophia,Monitor,5,139.96,2024-04-02
1979,Noah,Tablet,4,372.74,2024-03-06
1980,Liam,Tablet,4,410.64,2024-06-02
1981,Emma,Mouse,2,24.71,2024-04-20
1982,John,Tablet,5,362.16,2024-03-10
1983,Bob,Monitor,2,146.62,2024-03-24
1984,Sara,Keyboard,1,42.71,2024-02-25
1985,Sara,Mouse,3,27.08,2024-04-23
1986,Ali,Tablet,4,412.84,2024-03-26
1987,Sara,Tablet,5,397.11,2024-04-04
1988,Sara,Laptop,1,738.84,2024-05-18
1989,Noah,Mouse,4,27.44,2024-06-14
1990,Liam,Printer,5,228.29,2024-04-12
1991,Ali,Mouse,3,25.71,2024-06-18
1992,Sophia,Laptop,4,776.7,2024-03-30
1993,Sara,Monitor,3,147.25,2024-06-29
1994,Sophia,Keyboard,5,42.07,2024-01-18
1995,Sara,Laptop,1,859.0,2024-04-23
1996,John,Laptop,2,835.33,2024-03-23
1997,David,Monitor,2,158.45,2024-02-15
1998,Alice,Tablet,2,394.25,2024-04-06
1999,Emma,Tablet,2,367.25,2024-04-22
2000,David,Monitor,5,155.14,2024-04-08
